user_id,watch_time_hours,avg_session_mins,sessions_per_week,completion_rate,weekend_usage_ratio,genre_diversity,top_genres
USR-00001,1.56,36.0,3,0.361,0.771,1,Comedy
USR-00002,16.98,23.0,3,0.704,0.511,3,Drama|Family|Animation
USR-00003,34.15,67.1,7,0.853,0.504,1,Romance
USR-00004,5.05,51.2,1,0.6,0.897,2,Comedy|Drama
USR-00005,41.05,117.4,12,0.907,0.331,3,Sci-Fi|Thriller|Action
USR-00006,26.65,95.4,5,0.844,0.353,2,Thriller|Romance
USR-00007,2.13,23.2,2,0.567,0.779,3,Drama|Comedy|Family
USR-00008,2.78,47.2,1,0.644,0.636,3,Drama|Comedy|Family
USR-00009,37.77,84.2,9,0.889,0.432,4,Action|Sci-Fi|Thriller
USR-00010,39.06,67.5,9,0.589,0.438,5,Documentary|Thriller|Family|Drama|Romance
USR-00011,10.2,36.9,6,0.605,0.678,4,Comedy|Family|Drama|Animation
USR-00012,26.33,81.6,8,0.723,0.524,2,Thriller|Romance
USR-00013,39.56,73.5,10,0.768,0.479,5,Animation|Comedy|Drama|Romance|Sci-Fi
USR-00014,3.32,40.5,2,0.388,0.836,2,Family|Drama
USR-00015,5.1,23.4,2,0.729,0.644,2,Comedy|Drama
USR-00016,6.5,24.8,4,0.517,0.404,5,Comedy|Animation|Family|Drama
USR-00017,39.62,43.1,10,0.777,0.331,5,Family|Sci-Fi|Documentary|Thriller|Comedy
USR-00018,43.47,97.6,8,0.84,0.387,4,Thriller|Action|Sci-Fi
USR-00019,5.65,23.3,3,0.591,0.892,1,Family
USR-00020,29.22,59.1,6,0.735,0.356,5,Romance|Thriller|Family|Documentary|Animation
USR-00021,7.74,48.0,1,0.497,0.863,1,Family
USR-00022,16.43,17.4,3,0.637,0.374,2,Comedy|Animation
USR-00023,25.42,88.7,4,0.66,0.446,3,Romance|Thriller|Drama
USR-00024,32.63,91.2,4,0.812,0.496,1,Drama
USR-00025,4.55,45.8,2,0.601,0.726,1,Comedy
USR-00026,44.29,88.4,13,0.761,0.292,3,Sci-Fi|Thriller|Action
USR-00027,23.53,47.9,5,0.788,0.37,7,Family|Drama|Thriller|Sci-Fi|Comedy|Action|Animation
USR-00028,52.46,79.6,11,0.884,0.308,2,Sci-Fi|Action
USR-00029,46.02,111.4,11,0.899,0.255,3,Sci-Fi|Action|Thriller
USR-00030,3.34,34.7,2,0.603,0.839,2,Family|Comedy
USR-00031,3.44,38.3,1,0.526,0.787,1,Drama
USR-00032,18.02,60.6,4,0.918,0.444,3,Romance|Drama|Thriller
USR-00033,11.19,38.4,4,0.471,0.425,3,Comedy|Drama|Animation
USR-00034,7.78,17.5,4,0.598,0.412,2,Comedy|Family
USR-00035,26.41,56.2,10,0.519,0.357,6,Family|Documentary|Drama|Comedy|Thriller|Animation
USR-00036,37.15,75.8,10,0.734,0.42,3,Sci-Fi|Thriller|Action
USR-00037,45.52,119.8,10,0.812,0.315,2,Sci-Fi|Action
USR-00038,36.12,47.7,8,0.843,0.4,7,Comedy|Animation|Drama|Thriller|Family|Sci-Fi|Romance
USR-00039,7.51,17.6,5,0.656,0.476,5,Comedy|Family|Drama|Animation
USR-00040,9.34,52.6,3,0.432,0.708,2,Drama|Comedy
USR-00041,13.56,28.9,4,0.562,0.471,2,Drama|Animation
USR-00042,2.49,45.3,3,0.386,0.747,2,Comedy|Drama
USR-00043,8.44,52.5,1,0.539,0.784,3,Family|Comedy|Drama
USR-00044,17.01,29.5,3,0.452,0.363,5,Animation|Drama|Family|Comedy
USR-00045,8.67,37.4,3,0.486,0.552,2,Drama|Comedy
USR-00046,8.91,33.1,3,0.408,0.606,2,Drama|Family
USR-00047,11.97,39.1,4,0.787,0.649,5,Comedy|Animation|Drama|Family
USR-00048,6.31,35.3,3,0.619,0.548,4,Comedy|Drama|Animation|Family
USR-00049,4.76,24.1,2,0.618,0.843,1,Family
USR-00050,41.08,113.7,7,0.846,0.343,2,Action|Sci-Fi
USR-00051,48.37,88.8,8,0.873,0.258,3,Action|Sci-Fi|Thriller
USR-00052,37.79,79.4,8,0.796,0.269,3,Sci-Fi|Action|Thriller
USR-00053,9.77,22.8,3,0.561,0.855,3,Drama|Family|Comedy
USR-00054,1.32,38.7,2,0.697,0.886,2,Family|Drama
USR-00055,3.72,51.6,2,0.674,0.843,1,Drama
USR-00056,1.54,49.2,1,0.362,0.737,1,Drama
USR-00057,31.35,57.9,9,0.522,0.541,6,Sci-Fi|Comedy|Romance|Thriller|Documentary|Family
USR-00058,34.16,77.4,10,0.842,0.503,6,Drama|Documentary|Comedy|Action|Family|Romance
USR-00059,54.44,105.2,13,0.828,0.327,3,Thriller|Sci-Fi|Action
USR-00060,36.8,73.9,11,0.825,0.436,4,Thriller|Sci-Fi|Action
USR-00061,2.42,27.2,1,0.387,0.731,3,Family|Comedy|Drama
USR-00062,24.73,42.2,7,0.522,0.309,5,Action|Documentary|Drama|Animation|Comedy
USR-00063,36.01,67.8,6,0.802,0.535,5,Thriller|Comedy|Drama|Action|Romance
USR-00064,4.4,47.0,1,0.373,0.662,2,Comedy|Family
USR-00065,28.7,50.3,9,0.753,0.301,7,Drama|Romance|Documentary|Action|Comedy|Animation|Family
USR-00066,39.9,61.9,8,0.648,0.27,6,Family|Sci-Fi|Animation|Thriller|Comedy|Romance
USR-00067,37.94,61.4,7,0.521,0.497,7,Animation|Romance|Thriller|Drama|Sci-Fi|Documentary|Comedy
USR-00068,13.61,31.8,6,0.58,0.499,5,Family|Animation|Comedy|Drama
USR-00069,44.19,80.8,11,0.737,0.29,4,Sci-Fi|Thriller|Action
USR-00070,16.63,21.8,4,0.785,0.404,2,Family|Comedy
USR-00071,11.88,37.1,3,0.716,0.598,5,Comedy|Drama|Animation|Family
USR-00072,8.55,22.7,2,0.495,0.543,5,Drama|Comedy|Family|Animation
USR-00073,30.72,90.8,8,0.784,0.496,1,Drama
USR-00074,9.69,19.4,3,0.587,0.434,3,Drama|Comedy|Animation
USR-00075,37.62,91.9,9,0.785,0.324,4,Thriller|Action|Sci-Fi
USR-00076,11.47,31.1,6,0.754,0.7,3,Animation|Drama|Family
USR-00077,15.29,26.5,5,0.456,0.517,2,Family|Animation
USR-00078,6.11,39.3,2,0.635,0.588,3,Comedy|Family|Drama
USR-00079,39.9,79.3,10,0.811,0.344,5,Thriller|Comedy|Family|Sci-Fi|Romance
USR-00080,6.01,30.4,1,0.378,0.57,1,Comedy
USR-00081,4.63,49.2,3,0.573,0.617,3,Family|Comedy|Drama
USR-00082,16.87,18.5,3,0.687,0.635,3,Comedy|Animation|Drama
USR-00083,3.38,35.0,3,0.401,0.822,2,Comedy|Drama
USR-00084,51.7,80.7,10,0.701,0.364,3,Thriller|Sci-Fi|Action
USR-00085,45.38,110.5,8,0.725,0.329,3,Sci-Fi|Action|Thriller
USR-00086,38.91,90.5,8,0.834,0.422,3,
USR-00087,4.71,34.1,3,0.669,0.636,3,Family|Comedy|Drama
USR-00088,29.36,49.0,5,0.565,0.389,5,Animation|Thriller|Sci-Fi|Documentary|Romance
USR-00089,40.48,82.7,9,0.964,0.33,2,Action|Thriller
USR-00090,27.98,41.6,10,0.557,0.442,6,Documentary|Thriller|Drama|Comedy|Action|Sci-Fi
USR-00091,36.01,113.4,11,0.873,0.402,2,Action|Thriller
USR-00092,9.45,45.5,3,0.476,0.857,1,Comedy
USR-00093,14.68,35.5,2,0.551,0.391,4,Comedy|Animation|Family|Drama
USR-00094,12.57,24.9,6,0.77,0.436,5,Family|Animation|Comedy|Drama
USR-00095,7.45,34.9,4,0.703,0.671,5,Comedy|Drama|Family|Animation
USR-00096,29.48,84.4,6,0.644,0.513,5,Sci-Fi|Action|Romance|Drama|Thriller
USR-00097,8.92,34.3,6,0.568,0.562,3,Drama|Animation|Family
USR-00098,39.4,105.6,9,0.839,0.261,3,Action|Thriller|Sci-Fi
USR-00099,35.62,89.8,10,0.714,0.4,4,Action|Sci-Fi|Thriller
USR-00100,30.68,94.3,5,0.809,0.484,1,Thriller
USR-00101,21.92,51.4,5,0.938,0.463,1,Romance
USR-00102,7.7,38.6,1,0.48,0.774,2,Drama|Family
USR-00103,15.55,23.7,6,0.653,0.399,3,Animation|Comedy|Family
USR-00104,23.65,58.5,5,0.677,0.286,1,Romance
USR-00105,9.91,22.6,1,0.353,0.84,3,Comedy|Family|Drama
USR-00106,8.94,42.3,2,0.509,0.799,2,Drama|Family
USR-00107,11.08,19.2,4,0.541,0.404,5,Animation|Comedy|Drama|Family
USR-00108,13.92,36.4,6,0.718,0.458,2,Comedy|Drama
USR-00109,53.2,84.8,12,0.859,0.308,3,Sci-Fi|Action|Thriller
USR-00110,28.6,56.8,7,0.858,0.452,2,Thriller|Romance
USR-00111,28.94,58.4,7,0.578,0.382,5,Romance|Family|Thriller|Sci-Fi|Documentary
USR-00112,11.14,27.5,5,0.667,0.675,5,Comedy|Family|Animation|Drama
USR-00113,5.93,27.9,5,0.619,0.673,3,Comedy|Animation|Family
USR-00114,29.01,48.1,7,,0.25,5,Comedy|Family|Drama|Romance|Documentary
USR-00115,38.09,117.1,11,0.747,0.375,2,Action|Thriller
USR-00116,25.01,88.0,4,0.922,0.4,1,Drama
USR-00117,8.65,55.0,3,0.39,0.65,2,Drama|Family
USR-00118,6.24,54.8,1,0.511,0.774,3,Family|Drama|Comedy
USR-00119,7.65,28.2,5,0.556,0.504,5,Comedy|Animation|Drama|Family
USR-00120,35.97,52.1,5,0.692,0.418,6,Drama|Action|Comedy|Animation|Family|Documentary
USR-00121,22.54,48.5,6,0.798,0.384,5,Action|Documentary|Sci-Fi|Family|Thriller
USR-00122,23.54,69.5,10,0.523,0.266,6,Action|Documentary|Comedy|Family|Animation|Drama
USR-00123,43.86,73.6,10,0.925,0.429,2,Thriller|Action
USR-00124,16.75,28.7,5,0.521,0.581,2,Drama|Comedy
USR-00125,54.06,94.7,11,0.784,0.345,4,Sci-Fi|Thriller|Action
USR-00126,27.04,72.0,5,0.506,0.382,7,Documentary|Sci-Fi|Drama|Family|Thriller|Romance|Action
USR-00127,12.84,21.1,2,0.528,0.509,2,Animation|Comedy
USR-00128,51.49,116.3,8,0.756,0.436,3,Action|Thriller|Sci-Fi
USR-00129,35.24,108.2,14,0.972,0.431,2,Thriller|Action
USR-00130,21.56,78.2,5,0.715,0.375,7,Sci-Fi|Comedy|Family|Animation|Action|Romance|Thriller
USR-00131,45.2,85.6,10,0.971,0.397,2,Sci-Fi|Action
USR-00132,21.73,73.2,7,0.87,0.315,3,Thriller|Drama|Romance
USR-00133,37.03,50.9,8,0.824,0.327,7,Drama|Family|Comedy|Thriller|Sci-Fi|Romance|Action
USR-00134,11.18,33.8,2,0.55,0.467,2,Drama|Family
USR-00135,36.85,60.1,9,0.728,0.285,8,Animation|Family|Documentary|Drama|Romance|Action|Thriller|Comedy
USR-00136,43.82,90.7,8,0.846,0.306,3,Sci-Fi|Action|Thriller
USR-00137,29.07,55.4,6,0.654,0.324,2,Thriller|Drama
USR-00138,36.21,57.0,10,0.708,0.257,7,Comedy|Documentary|Drama|Romance|Sci-Fi|Animation|Thriller
USR-00139,6.41,46.7,1,0.414,0.826,2,Comedy|Family
USR-00140,54.62,72.1,9,0.853,0.279,3,Sci-Fi|Thriller|Action
USR-00141,20.32,60.4,5,0.613,0.394,8,Thriller|Action|Sci-Fi|Family|Comedy|Animation|Documentary|Romance
USR-00142,28.47,81.9,5,0.676,0.541,8,Documentary|Family|Action|Comedy|Sci-Fi|Thriller|Animation|Drama
USR-00143,34.6,59.3,8,0.659,0.368,1,Romance
USR-00144,33.6,48.2,6,0.736,0.329,7,Documentary|Drama|Animation|Sci-Fi|Thriller|Family|Romance
USR-00145,24.28,80.5,7,0.514,0.398,6,Documentary|Thriller|Romance|Action|Comedy|Sci-Fi
USR-00146,12.88,32.8,6,0.7,0.697,3,Family|Animation|Comedy
USR-00147,11.93,19.4,4,0.455,0.675,4,Animation|Family|Drama|Comedy
USR-00148,24.8,52.3,9,0.598,0.308,5,Drama|Romance|Family|Animation|Comedy
USR-00149,5.33,20.1,2,0.715,0.697,3,Animation|Comedy|Drama
USR-00150,41.29,108.7,7,0.936,0.429,4,Sci-Fi|Thriller|Action
USR-00151,8.26,30.8,1,0.338,0.898,3,Comedy|Drama|Family
USR-00152,29.16,51.7,8,0.89,0.431,3,Thriller|Drama|Romance
USR-00153,40.52,90.7,13,0.826,0.303,2,Thriller|Sci-Fi
USR-00154,37.59,52.2,7,0.813,0.378,8,Romance|Drama|Animation|Comedy|Family|Documentary|Action|Sci-Fi
USR-00155,43.27,111.2,14,0.972,0.407,2,Action|Sci-Fi
USR-00156,2.28,38.4,3,0.368,0.836,1,Comedy
USR-00157,8.42,38.2,6,0.647,0.602,2,Family|Comedy
USR-00158,8.34,22.4,2,0.505,0.64,1,Comedy
USR-00159,2.07,52.8,1,0.374,0.663,3,Family|Drama|Comedy
USR-00160,4.98,25.5,3,0.7,0.709,1,Family
USR-00161,44.65,116.1,13,0.725,0.273,3,Thriller|Action|Sci-Fi
USR-00162,24.04,72.6,5,0.775,0.307,2,Thriller|Romance
USR-00163,14.17,16.7,4,0.679,0.469,2,Drama|Animation
USR-00164,54.0,107.4,7,0.945,0.277,4,Action|Sci-Fi|Thriller
USR-00165,25.94,42.7,8,0.629,0.326,7,Thriller|Sci-Fi|Comedy|Romance|Action|Animation|Family
USR-00166,15.03,24.5,3,0.788,0.533,4,Drama|Comedy|Animation|Family
USR-00167,4.86,44.4,2,0.483,0.582,3,Comedy|Drama|Family
USR-00168,7.76,37.8,1,0.648,0.77,3,Family|Drama|Comedy
USR-00169,15.95,36.7,2,0.645,0.426,2,Comedy|Family
USR-00170,25.14,59.4,7,0.752,0.461,1,Drama
USR-00171,6.22,37.2,5,0.52,0.452,5,Comedy|Family|Animation|Drama
USR-00172,26.15,53.5,9,0.755,0.263,5,Sci-Fi|Family|Romance|Action|Animation
USR-00173,11.32,25.9,4,0.564,0.533,4,Comedy|Animation|Family|Drama
USR-00174,19.34,69.2,9,0.704,0.356,1,Drama
USR-00175,38.49,108.2,13,0.957,0.257,3,Thriller|Sci-Fi|Action
USR-00176,36.61,83.1,10,0.759,0.29,4,Sci-Fi|Action|Thriller
USR-00177,12.55,24.4,3,0.499,0.5,5,Animation|Comedy|Drama|Family
USR-00178,27.65,53.5,5,0.671,0.468,1,
USR-00179,30.3,53.3,5,0.909,0.501,1,Drama
USR-00180,1.21,22.0,2,0.394,0.742,3,Drama|Comedy|Family
USR-00181,26.31,75.0,9,0.695,0.499,3,Romance|Thriller|Drama
USR-00182,33.07,83.3,9,0.729,0.376,3,Drama|Thriller|Romance
USR-00183,29.24,54.7,9,0.588,0.36,6,Thriller|Animation|Sci-Fi|Family|Action|Romance
USR-00184,8.09,18.8,6,0.453,0.367,3,Comedy|Family|Animation
USR-00185,7.73,22.5,3,0.602,0.676,2,Family|Comedy
USR-00186,9.92,29.0,2,0.376,0.593,2,Comedy|Drama
USR-00187,15.3,33.8,4,0.732,0.437,5,Family|Comedy|Drama|Animation
USR-00188,53.64,104.1,14,0.817,0.357,4,Sci-Fi|Action|Thriller
USR-00189,3.13,38.5,1,0.673,0.593,1,Family
USR-00190,14.95,17.4,2,0.765,0.604,2,Comedy|Family
USR-00191,28.74,87.9,4,0.866,0.426,3,Drama|Romance|Thriller
USR-00192,17.44,29.7,2,0.603,0.615,4,Animation|Drama|Family|Comedy
USR-00193,45.79,94.1,13,0.714,0.331,3,Action|Thriller|Sci-Fi
USR-00194,6.92,45.2,1,0.616,0.769,2,Drama|Comedy
USR-00195,37.02,83.7,11,0.848,0.425,3,Thriller|Sci-Fi|Action
USR-00196,39.43,106.7,11,0.932,0.369,4,Action|Sci-Fi|Thriller
USR-00197,37.28,72.5,7,0.682,0.36,6,Action|Animation|Drama|Comedy|Thriller|Sci-Fi
USR-00198,21.99,55.3,5,0.895,0.365,2,Romance|Thriller
USR-00199,37.22,100.4,13,0.969,0.33,2,Action|Sci-Fi
USR-00200,16.49,28.1,6,0.524,0.637,4,Family|Drama|Animation|Comedy
USR-00201,9.55,49.0,3,0.321,0.879,1,Comedy
USR-00202,27.05,82.1,9,0.789,0.376,3,Thriller|Romance|Drama
USR-00203,36.73,46.6,6,0.579,0.415,8,Family|Thriller|Sci-Fi|Action|Comedy|Animation|Drama|Romance
USR-00204,53.05,111.5,9,0.874,0.378,3,Sci-Fi|Action|Thriller
USR-00205,54.16,99.3,8,0.806,0.252,4,Sci-Fi|Thriller|Action
USR-00206,10.68,23.5,6,0.635,0.481,2,Family|Comedy
USR-00207,41.39,84.7,8,0.852,0.35,2,Thriller|Sci-Fi
USR-00208,3.57,44.2,3,0.405,0.712,1,Drama
USR-00209,47.35,103.9,7,0.909,0.353,4,Sci-Fi|Action|Thriller
USR-00210,22.0,69.5,5,0.848,0.255,7,Thriller|Romance|Documentary|Drama|Family|Sci-Fi|Comedy
USR-00211,2.1,52.4,2,0.634,0.577,1,Drama
USR-00212,20.08,60.0,6,0.617,0.3,5,Comedy|Action|Romance|Animation|Documentary
USR-00213,37.49,84.8,12,0.725,0.331,4,Action|Sci-Fi|Thriller
USR-00214,4.7,43.4,2,0.601,0.561,2,Drama|Family
USR-00215,3.09,43.3,2,0.44,0.86,3,Drama|Family|Comedy
USR-00216,3.44,37.3,3,0.379,0.851,2,Comedy|Drama
USR-00217,52.55,118.0,9,0.961,0.364,2,Action|Thriller
USR-00218,41.85,84.4,11,0.768,0.266,3,Action|Thriller|Sci-Fi
USR-00219,26.86,71.4,7,0.789,0.313,1,Thriller
USR-00220,7.58,32.9,6,0.651,0.652,5,Comedy|Drama|Animation|Family
USR-00221,15.38,31.6,2,0.798,0.497,5,Animation|Family|Comedy|Drama
USR-00222,38.54,57.7,7,0.537,0.318,7,Documentary|Action|Comedy|Romance|Family|Sci-Fi|Drama
USR-00223,1.63,40.1,3,0.487,0.765,2,Drama|Family
USR-00224,26.02,79.1,5,0.792,0.495,2,Thriller|Romance
USR-00225,15.41,36.3,3,0.504,0.554,4,Drama|Family|Comedy|Animation
USR-00226,22.34,75.6,8,0.935,0.364,1,Thriller
USR-00227,54.74,113.7,8,0.93,0.256,2,Thriller|Sci-Fi
USR-00228,33.78,64.0,10,0.636,0.494,7,Comedy|Documentary|Drama|Romance|Animation|Action|Family
USR-00229,24.95,51.2,9,0.801,0.318,5,Animation|Romance|Documentary|Drama|Thriller
USR-00230,51.15,87.8,11,0.815,0.284,2,Thriller|Sci-Fi
USR-00231,37.73,89.7,11,0.701,0.31,4,Thriller|Sci-Fi|Action
USR-00232,8.54,26.5,5,0.635,0.597,2,Comedy|Drama
USR-00233,32.35,58.7,4,0.879,0.358,2,Drama|Romance
USR-00234,23.73,62.4,10,0.579,0.467,5,Comedy|Documentary|Action|Sci-Fi|Animation
USR-00235,29.87,83.7,9,0.808,0.446,3,Thriller|Romance|Drama
USR-00236,1.65,53.1,1,0.478,0.786,1,Drama
USR-00237,39.82,47.3,6,0.811,0.265,8,Drama|Family|Sci-Fi|Documentary|Animation|Thriller|Comedy|Action
USR-00238,6.74,32.3,1,0.387,0.792,1,Drama
USR-00239,45.78,116.7,10,0.934,0.265,3,Sci-Fi|Thriller|Action
USR-00240,51.93,99.0,11,0.799,0.386,3,Action|Sci-Fi|Thriller
USR-00241,5.43,22.1,2,0.348,0.636,2,Comedy|Family
USR-00242,2.65,25.8,3,0.318,0.856,1,Drama
USR-00243,5.52,15.7,4,0.549,0.559,4,Animation|Comedy|Drama|Family
USR-00244,33.58,42.4,10,0.843,0.472,8,Family|Action|Documentary|Sci-Fi|Drama|Romance|Animation|Thriller
USR-00245,33.68,68.9,9,0.727,0.331,7,Comedy|Romance|Drama|Thriller|Animation|Action|Sci-Fi
USR-00246,27.99,61.6,7,0.88,0.363,1,Romance
USR-00247,28.63,76.7,7,0.612,0.477,6,Romance|Thriller|Sci-Fi|Comedy|Drama|Documentary
USR-00248,11.83,22.9,4,0.595,0.393,2,Drama|Animation
USR-00249,17.1,15.9,4,0.668,0.51,2,Animation|Comedy
USR-00250,6.54,20.4,2,0.59,0.535,3,Comedy|Family|Animation
USR-00251,5.95,31.5,1,0.519,0.628,2,Family|Comedy
USR-00252,19.84,56.3,5,0.944,0.435,1,Romance
USR-00253,39.73,44.0,8,0.841,0.311,8,Thriller|Action|Sci-Fi|Animation|Documentary|Romance|Drama|Comedy
USR-00254,17.58,16.4,4,0.649,0.597,5,Family|Animation|Comedy|Drama
USR-00255,10.93,18.9,6,0.749,0.362,2,Comedy|Drama
USR-00256,1.07,25.6,3,0.57,0.571,1,Comedy
USR-00257,7.16,40.6,2,0.579,0.758,2,Comedy|Family
USR-00258,52.64,103.3,11,0.832,0.314,4,Sci-Fi|Thriller|Action
USR-00259,54.73,81.1,7,0.928,0.284,3,Sci-Fi|Action|Thriller
USR-00260,35.97,83.1,6,0.806,0.296,5,Thriller|Animation|Drama|Romance|Documentary
USR-00261,38.14,70.6,9,0.956,0.409,2,Thriller|Sci-Fi
USR-00262,6.33,29.0,1,0.517,0.662,3,Family|Drama|Comedy
USR-00263,11.1,31.3,2,0.495,0.676,5,Family|Drama|Animation|Comedy
USR-00264,49.32,113.8,12,0.872,0.306,4,Sci-Fi|Action|Thriller
USR-00265,22.1,53.0,4,0.815,0.298,1,Romance
USR-00266,50.82,111.1,8,0.854,0.363,2,Action|Thriller
USR-00267,7.73,39.5,5,0.484,0.64,4,Family|Comedy|Drama|Animation
USR-00268,50.49,99.5,7,0.731,0.266,4,Thriller|Sci-Fi|Action
USR-00269,50.24,104.9,14,0.778,0.392,4,Sci-Fi|Thriller|Action
USR-00270,39.69,89.7,9,0.908,0.345,2,Action|Thriller
USR-00271,37.83,83.3,13,0.869,0.326,4,Sci-Fi|Action|Thriller
USR-00272,40.08,81.5,8,0.898,0.374,4,Thriller|Sci-Fi|Action
USR-00273,47.71,89.0,8,0.914,0.339,4,Sci-Fi|Thriller|Action
USR-00274,29.22,68.9,9,0.587,0.516,8,Romance|Comedy|Sci-Fi|Action|Animation|Drama|Family|Documentary
USR-00275,3.43,40.9,1,0.477,0.636,1,Drama
USR-00276,9.86,26.2,6,0.514,0.606,3,Family|Animation|Comedy
USR-00277,15.6,33.1,6,0.754,0.667,4,Family|Drama|Animation|Comedy
USR-00278,24.44,45.1,6,0.731,0.484,8,Drama|Animation|Thriller|Family|Comedy|Documentary|Romance|Sci-Fi
USR-00279,32.45,98.2,4,0.664,0.275,2,Drama|Romance
USR-00280,20.89,97.7,5,0.709,0.538,3,Thriller|Drama|Romance
USR-00281,41.63,102.3,12,0.752,0.438,2,Sci-Fi|Action
USR-00282,49.22,102.8,7,0.877,0.282,3,Thriller|Action|Sci-Fi
USR-00283,8.55,19.1,6,0.566,0.509,3,Drama|Family|Comedy
USR-00284,6.68,32.2,4,0.78,0.499,2,Family|Drama
USR-00285,20.86,72.5,8,0.795,0.267,8,Animation|Sci-Fi|Drama|Comedy|Romance|Action|Family|Thriller
USR-00286,14.56,32.8,5,0.75,0.414,3,Drama|Family|Comedy
USR-00287,37.48,79.3,10,0.72,0.261,2,Sci-Fi|Thriller
USR-00288,17.77,39.1,3,0.5,0.6,2,Animation|Comedy
USR-00289,21.92,48.5,8,0.711,0.546,5,Sci-Fi|Drama|Thriller|Family|Animation
USR-00290,52.34,88.2,7,0.701,0.351,3,Sci-Fi|Thriller|Action
USR-00291,2.56,22.0,2,0.332,0.804,1,Drama
USR-00292,37.87,84.4,9,0.708,0.361,2,Sci-Fi|Action
USR-00293,24.6,77.8,7,0.678,0.296,2,Romance|Thriller
USR-00294,53.45,115.8,12,0.96,0.333,3,Thriller|Sci-Fi|Action
USR-00295,1.99,23.3,2,0.581,0.827,2,Comedy|Drama
USR-00296,30.71,67.7,4,0.654,0.334,1,Drama
USR-00297,22.66,90.6,4,0.859,0.292,3,Drama|Romance|Thriller
USR-00298,2.75,42.7,2,0.476,0.589,2,Comedy|Family
USR-00299,2.48,24.6,1,0.682,0.65,1,Comedy
USR-00300,26.44,80.4,10,0.822,0.34,7,Family|Action|Animation|Drama|Comedy|Sci-Fi|Documentary
USR-00301,5.98,29.5,3,0.496,0.563,1,Drama
USR-00302,37.03,85.4,9,0.712,0.266,3,Thriller|Sci-Fi|Action
USR-00303,29.54,55.2,5,0.566,0.479,5,Comedy|Thriller|Documentary|Sci-Fi|Animation
USR-00304,34.2,71.7,8,0.787,0.395,6,Action|Documentary|Sci-Fi|Comedy|Thriller|Romance
USR-00305,19.6,59.5,9,0.839,0.376,2,Thriller|Drama
USR-00306,27.05,72.4,7,0.703,0.397,5,Documentary|Comedy|Romance|Action|Animation
USR-00307,5.34,38.6,4,0.54,0.7,3,Animation|Drama|Comedy
USR-00308,20.51,67.0,5,0.525,0.53,8,Documentary|Drama|Family|Animation|Romance|Sci-Fi|Comedy|Thriller
USR-00309,9.05,15.3,6,0.698,0.63,3,Animation|Drama|Comedy
USR-00310,51.98,95.3,10,0.762,0.439,3,Thriller|Sci-Fi|Action
USR-00311,27.33,55.8,6,0.684,0.515,8,Romance|Sci-Fi|Documentary|Drama|Family|Action|Animation|Comedy
USR-00312,15.34,29.7,6,0.587,0.362,5,Animation|Drama|Family|Comedy
USR-00313,11.44,23.9,4,0.618,0.587,4,Family|Drama|Comedy|Animation
USR-00314,12.61,29.9,2,0.566,0.593,3,Animation|Family|Comedy
USR-00315,16.61,15.9,4,0.749,0.407,3,Family|Animation|Drama
USR-00316,16.9,26.4,3,0.55,0.653,5,Family|Comedy|Animation|Drama
USR-00317,13.91,28.7,6,0.604,0.444,5,Family|Animation|Comedy|Drama
USR-00318,1.26,45.9,3,0.33,0.589,3,Family|Drama|Comedy
USR-00319,5.89,35.9,4,0.768,0.657,4,Family|Comedy|Animation|Drama
USR-00320,26.6,55.0,8,0.69,0.403,2,Drama|Romance
USR-00321,21.95,81.0,5,0.886,0.267,1,Thriller
USR-00322,37.22,55.4,6,0.641,0.296,7,Action|Thriller|Comedy|Documentary|Romance|Drama|Animation
USR-00323,17.8,21.2,4,0.477,0.547,5,Drama|Family|Comedy|Animation
USR-00324,25.28,48.5,8,0.514,0.359,5,Action|Comedy|Family|Romance|Documentary
USR-00325,8.39,44.2,3,0.3,0.562,2,Family|Drama
USR-00326,9.44,51.6,3,0.308,0.827,1,Comedy
USR-00327,8.11,20.2,2,0.601,0.828,1,Family
USR-00328,26.03,54.0,8,0.838,0.382,7,Thriller|Documentary|Drama|Sci-Fi|Family|Comedy|Romance
USR-00329,38.64,65.4,6,0.747,0.501,6,Drama|Thriller|Sci-Fi|Romance|Family|Comedy
USR-00330,11.48,29.7,3,0.451,0.65,4,Animation|Comedy|Family|Drama
USR-00331,7.82,33.7,3,0.642,0.695,3,Drama|Comedy|Family
USR-00332,14.34,29.2,5,0.624,0.633,4,Comedy|Animation|Family|Drama
USR-00333,9.89,54.0,3,0.668,0.814,3,Comedy|Drama|Family
USR-00334,31.01,76.0,7,0.91,0.283,2,Drama|Thriller
USR-00335,43.65,75.4,14,0.935,0.347,2,Action|Sci-Fi
USR-00336,29.47,47.4,5,0.747,0.489,7,Action|Thriller|Comedy|Animation|Sci-Fi|Documentary|Family
USR-00337,39.5,86.5,12,0.834,0.45,3,Sci-Fi|Thriller|Action
USR-00338,8.77,39.4,1,0.508,0.652,2,Family|Drama
USR-00339,53.52,101.1,10,0.844,0.392,3,Action|Thriller|Sci-Fi
USR-00340,34.55,90.6,5,0.908,0.395,2,Drama|Romance
USR-00341,50.24,77.0,8,0.825,0.314,2,Sci-Fi|Thriller
USR-00342,22.36,87.3,8,0.672,0.48,2,Thriller|Romance
USR-00343,7.5,52.0,3,0.456,0.719,3,Drama|Family|Comedy
USR-00344,36.08,54.8,6,0.53,0.263,8,Documentary|Drama|Action|Romance|Animation|Sci-Fi|Family|Comedy
USR-00345,2.98,52.7,2,0.302,0.6,1,Family
USR-00346,2.79,27.9,2,0.431,0.765,2,Family|Drama
USR-00347,29.81,68.3,7,0.698,0.346,1,Thriller
USR-00348,13.08,21.9,5,0.742,0.584,3,Animation|Comedy|Family
USR-00349,32.85,48.5,9,0.537,0.54,7,Comedy|Drama|Action|Documentary|Thriller|Family|Sci-Fi
USR-00350,45.69,83.8,12,0.928,0.285,2,Action|Sci-Fi
USR-00351,27.0,57.5,9,0.586,0.508,8,Comedy|Family|Thriller|Romance|Animation|Action|Documentary|Drama
USR-00352,52.59,72.9,8,0.954,0.428,2,Sci-Fi|Action
USR-00353,28.4,49.5,6,0.545,0.364,5,Animation|Romance|Comedy|Sci-Fi|Documentary
USR-00354,35.81,79.5,7,0.7,0.333,6,Romance|Drama|Action|Documentary|Sci-Fi|Thriller
USR-00355,21.89,55.7,6,0.833,0.435,6,Family|Drama|Sci-Fi|Action|Romance|Thriller
USR-00356,28.47,53.5,8,0.509,0.379,5,Drama|Sci-Fi|Animation|Thriller|Action
USR-00357,2.38,31.6,1,0.568,0.704,3,Comedy|Family|Drama
USR-00358,9.93,46.4,3,0.641,0.841,2,Comedy|Drama
USR-00359,38.69,61.4,5,0.68,0.505,7,Sci-Fi|Action|Romance|Drama|Thriller|Family|Documentary
USR-00360,38.73,80.8,9,0.701,0.424,8,Animation|Sci-Fi|Comedy|Action|Thriller|Drama|Romance|Documentary
USR-00361,32.56,75.5,4,0.865,0.325,1,Thriller
USR-00362,41.19,80.0,14,0.724,0.352,4,Action|Thriller|Sci-Fi
USR-00363,41.88,83.1,10,0.778,0.436,2,Action|Sci-Fi
USR-00364,41.54,74.4,9,0.716,0.408,2,Sci-Fi|Thriller
USR-00365,6.96,42.1,2,0.676,0.886,2,Comedy|Drama
USR-00366,15.3,27.3,4,0.477,0.615,4,Family|Drama|Animation|Comedy
USR-00367,9.4,27.9,2,0.671,0.886,2,Comedy|Family
USR-00368,7.28,27.8,2,0.43,0.558,3,Drama|Family|Comedy
USR-00369,13.44,34.5,5,0.595,0.446,2,Animation|Comedy
USR-00370,23.31,58.9,5,0.697,0.45,1,Thriller
USR-00371,9.42,47.9,2,0.527,0.598,3,Drama|Comedy|Family
USR-00372,10.07,25.7,4,0.548,0.59,5,Drama|Comedy|Family|Animation
USR-00373,5.4,33.1,4,0.641,0.445,2,Comedy|Family
USR-00374,13.12,26.9,4,0.595,0.515,4,Comedy|Family|Drama|Animation
USR-00375,35.8,109.8,10,0.891,0.379,2,Sci-Fi|Thriller
USR-00376,54.18,95.4,11,0.905,0.391,3,Sci-Fi|Thriller|Action
USR-00377,22.72,68.3,6,0.767,0.431,1,Drama
USR-00378,15.46,25.9,5,0.479,0.514,4,Animation|Family|Comedy|Drama
USR-00379,17.34,23.1,3,0.54,0.567,4,Family|Comedy|Drama|Animation
USR-00380,2.0,24.2,2,0.465,0.551,3,Comedy|Drama|Family
USR-00381,28.37,72.3,8,0.75,0.389,8,Family|Sci-Fi|Action|Romance|Comedy|Drama|Animation|Documentary
USR-00382,26.77,76.2,7,,0.436,3,Drama|Thriller|Romance
USR-00383,2.73,25.0,1,0.624,0.797,1,Comedy
USR-00384,27.49,70.1,5,0.808,0.414,8,Sci-Fi|Romance|Drama|Thriller|Comedy|Family|Documentary|Action
USR-00385,12.08,31.5,4,0.601,0.426,5,Family|Comedy|Drama|Animation
USR-00386,27.52,76.8,5,0.899,0.292,1,Thriller
USR-00387,5.78,40.5,1,0.314,0.724,2,Drama|Family
USR-00388,29.03,74.9,6,0.678,0.272,3,Romance|Thriller|Drama
USR-00389,38.56,114.1,11,0.759,0.268,4,Thriller|Sci-Fi|Action
USR-00390,34.3,97.2,6,0.864,0.271,1,Romance
USR-00391,39.78,82.6,9,0.639,0.345,5,Romance|Comedy|Animation|Sci-Fi|Action
USR-00392,44.96,77.9,7,0.821,0.279,3,Sci-Fi|Thriller|Action
USR-00393,23.94,43.4,8,0.571,0.266,7,Comedy|Sci-Fi|Animation|Documentary|Action|Family|Romance
USR-00394,4.35,22.5,2,0.487,0.897,1,Comedy
USR-00395,54.59,91.2,14,0.723,0.315,2,Sci-Fi|Action
USR-00396,21.9,60.4,9,0.563,0.465,6,Comedy|Romance|Thriller|Drama|Sci-Fi|Family
USR-00397,2.37,25.7,2,0.545,0.642,3,Family|Comedy|Drama
USR-00398,12.35,28.7,2,0.538,0.508,5,Drama|Animation|Comedy|Family
USR-00399,26.3,80.6,6,0.779,0.534,6,Documentary|Family|Comedy|Sci-Fi|Drama|Animation
USR-00400,13.32,28.7,6,0.587,0.46,2,Drama|Family
USR-00401,15.68,26.1,3,0.714,0.397,4,Family|Animation|Comedy|Drama
USR-00402,22.51,68.3,5,0.865,0.535,1,Thriller
USR-00403,5.92,35.7,2,0.64,0.653,3,Comedy|Drama|Family
USR-00404,51.0,118.3,12,0.745,0.367,4,Sci-Fi|Thriller|Action
USR-00405,22.78,84.8,8,0.704,0.368,3,Thriller|Drama|Romance
USR-00406,20.97,51.5,8,0.845,0.422,2,Drama|Thriller
USR-00407,9.8,21.9,4,0.705,0.458,3,Family|Drama|Animation
USR-00408,6.55,22.6,3,0.34,0.818,1,Comedy
USR-00409,38.73,81.0,13,0.79,0.368,2,Thriller|Sci-Fi
USR-00410,33.39,64.8,7,0.818,0.342,2,Drama|Thriller
USR-00411,7.41,45.5,1,0.666,0.732,1,Family
USR-00412,8.45,47.0,2,0.607,0.644,2,Drama|Comedy
USR-00413,41.36,94.2,13,0.966,0.41,3,Sci-Fi|Action|Thriller
USR-00414,20.59,75.9,9,0.794,0.49,2,Romance|Thriller
USR-00415,47.54,91.4,8,0.843,0.254,3,Sci-Fi|Thriller|Action
USR-00416,14.22,34.9,5,0.635,0.362,3,Drama|Comedy|Animation
USR-00417,35.62,104.5,9,0.822,0.333,4,Sci-Fi|Action|Thriller
USR-00418,5.27,40.3,2,0.303,0.868,1,Family
USR-00419,44.02,80.4,12,0.778,0.422,3,Sci-Fi|Thriller|Action
USR-00420,22.23,51.0,9,0.811,0.388,2,Thriller|Romance
USR-00421,9.96,30.3,3,0.616,0.744,2,Comedy|Drama
USR-00422,48.08,114.9,8,0.736,0.39,4,Action|Sci-Fi|Thriller
USR-00423,51.14,75.2,14,0.719,0.349,2,Sci-Fi|Action
USR-00424,46.05,111.8,12,0.778,0.354,4,Action|Thriller|Sci-Fi
USR-00425,22.05,49.2,6,0.782,0.282,5,Romance|Documentary|Sci-Fi|Drama|Action
USR-00426,5.04,27.1,3,0.443,0.707,3,Family|Drama|Comedy
USR-00427,7.41,32.0,3,0.792,0.59,2,Comedy|Animation
USR-00428,4.01,25.3,1,0.387,0.855,3,Drama|Comedy|Family
USR-00429,40.12,118.8,11,0.709,0.396,3,Sci-Fi|Thriller|Action
USR-00430,4.46,50.4,1,0.515,0.779,2,Comedy|Drama
USR-00431,26.1,75.4,7,0.729,0.506,3,Romance|Drama|Thriller
USR-00432,8.2,31.9,1,0.375,0.736,1,Family
USR-00433,1.64,21.1,3,0.486,0.885,3,Family|Comedy|Drama
USR-00434,3.55,48.6,3,0.574,0.729,1,Comedy
USR-00435,51.31,109.7,7,0.98,0.346,4,Action|Thriller|Sci-Fi
USR-00436,7.75,16.1,4,0.75,0.451,3,Family|Drama|Animation
USR-00437,47.31,76.5,9,0.951,0.281,4,Sci-Fi|Thriller|Action
USR-00438,32.09,43.8,10,0.523,0.272,8,Animation|Thriller|Romance|Drama|Comedy|Family|Documentary|Sci-Fi
USR-00439,7.42,54.9,1,0.305,0.594,2,Comedy|Family
USR-00440,38.8,68.2,7,0.682,0.489,5,Thriller|Comedy|Family|Action|Sci-Fi
USR-00441,31.39,92.7,8,0.897,0.415,2,Drama|Romance
USR-00442,39.03,97.5,7,0.716,0.398,3,Action|Thriller|Sci-Fi
USR-00443,9.46,22.4,1,0.49,0.844,3,Drama|Comedy|Family
USR-00444,45.23,110.6,7,0.736,0.275,4,Sci-Fi|Thriller|Action
USR-00445,17.35,34.2,5,0.757,0.532,3,Drama|Animation|Comedy
USR-00446,6.9,21.8,2,0.577,0.883,3,Comedy|Family|Drama
USR-00447,30.61,62.1,8,0.848,0.544,2,Romance|Thriller
USR-00448,29.51,66.5,5,0.551,0.38,5,Drama|Sci-Fi|Action|Family|Thriller
USR-00449,38.39,106.2,12,0.951,0.255,2,Thriller|Sci-Fi
USR-00450,24.5,61.2,6,0.795,0.525,7,Family|Thriller|Romance|Animation|Action|Comedy|Sci-Fi
USR-00451,48.07,88.0,11,0.75,0.401,3,Action|Thriller|Sci-Fi
USR-00452,31.57,87.3,7,0.732,0.391,1,Thriller
USR-00453,9.27,33.1,2,0.65,0.607,2,Comedy|Family
USR-00454,49.85,77.5,12,0.917,0.357,2,Action|Thriller
USR-00455,45.21,85.2,7,0.75,0.373,2,Action|Thriller
USR-00456,42.59,79.3,11,0.766,0.256,2,Thriller|Action
USR-00457,32.13,68.6,9,0.823,0.42,3,Romance|Thriller|Drama
USR-00458,26.04,41.8,6,0.61,0.513,7,Romance|Comedy|Animation|Documentary|Drama|Action|Sci-Fi
USR-00459,8.58,54.1,2,0.564,0.735,2,Family|Comedy
USR-00460,31.68,42.0,5,0.789,0.376,7,Sci-Fi|Romance|Drama|Documentary|Family|Thriller|Animation
USR-00461,39.84,50.6,5,0.598,0.444,8,Romance|Action|Drama|Documentary|Sci-Fi|Family|Comedy|Animation
USR-00462,47.72,109.5,10,0.768,0.423,3,Thriller|Action|Sci-Fi
USR-00463,22.9,76.7,4,0.807,0.505,1,Thriller
USR-00464,6.39,21.8,2,0.618,0.523,3,Drama|Comedy|Family
USR-00465,29.1,67.8,5,0.661,0.289,6,Animation|Romance|Comedy|Drama|Thriller|Documentary
USR-00466,5.64,50.7,3,0.346,0.655,1,Comedy
USR-00467,25.97,74.3,7,0.586,0.275,7,Romance|Drama|Documentary|Family|Animation|Sci-Fi|Thriller
USR-00468,21.98,77.5,8,0.745,0.446,3,Drama|Thriller|Romance
USR-00469,36.8,103.3,10,0.74,0.323,4,Thriller|Sci-Fi|Action
USR-00470,39.79,62.2,5,0.596,0.544,6,Romance|Drama|Sci-Fi|Comedy|Action|Thriller
USR-00471,13.78,21.3,2,0.711,0.619,4,Comedy|Family|Drama|Animation
USR-00472,24.85,52.3,10,0.785,0.298,7,Action|Documentary|Thriller|Drama|Family|Sci-Fi|Animation
USR-00473,38.25,88.2,10,0.753,0.414,4,Thriller|Action|Sci-Fi
USR-00474,36.51,103.9,12,0.938,0.446,4,Action|Sci-Fi|Thriller
USR-00475,11.57,37.8,2,0.759,0.432,4,Animation|Family|Comedy|Drama
USR-00476,7.75,39.5,6,0.514,0.466,3,Family|Comedy|Animation
USR-00477,17.83,31.3,6,0.695,0.463,5,Animation|Family|Comedy|Drama
USR-00478,37.28,53.7,10,0.736,0.39,8,Romance|Drama|Family|Action|Thriller|Animation|Sci-Fi|Comedy
USR-00479,32.77,80.5,8,0.718,0.505,5,Documentary|Drama|Family|Animation|Thriller
USR-00480,9.24,21.8,4,0.677,0.369,5,Drama|Animation|Family|Comedy
USR-00481,7.61,15.0,3,0.616,0.364,3,Comedy|Animation|Family
USR-00482,7.8,22.8,6,0.746,0.631,3,Family|Drama|Comedy
USR-00483,37.4,79.7,7,0.538,0.422,6,Sci-Fi|Drama|Thriller|Documentary|Action|Family
USR-00484,10.31,35.3,6,0.756,0.446,3,Family|Comedy|Animation
USR-00485,40.62,103.0,7,0.74,0.272,3,Sci-Fi|Thriller|Action
USR-00486,17.27,16.2,6,0.716,0.608,5,Animation|Drama|Family|Comedy
USR-00487,37.13,72.8,7,0.665,0.323,6,Romance|Animation|Comedy|Drama|Sci-Fi|Documentary
USR-00488,11.82,34.4,4,0.606,0.47,5,Animation|Family|Drama|Comedy
USR-00489,21.73,59.3,7,0.621,0.488,5,Romance|Comedy|Family|Thriller|Drama
USR-00490,26.9,66.6,6,0.677,0.295,6,Action|Comedy|Drama|Thriller|Animation|Sci-Fi
USR-00491,8.24,29.1,1,0.464,0.661,2,Drama|Family
USR-00492,24.73,80.9,7,0.761,0.455,5,Comedy|Sci-Fi|Documentary|Action|Romance
USR-00493,8.01,30.0,2,0.315,0.705,1,Comedy
USR-00494,16.3,17.8,5,0.519,0.535,2,Comedy|Animation
USR-00495,9.32,39.1,2,0.696,0.573,2,Drama|Comedy
USR-00496,30.08,81.5,8,0.678,0.382,7,Comedy|Thriller|Documentary|Drama|Action|Romance|Sci-Fi
USR-00497,5.06,26.2,6,0.476,0.501,2,Animation|Comedy
USR-00498,33.11,53.9,6,0.849,0.525,5,Animation|Documentary|Romance|Sci-Fi|Comedy
USR-00499,6.78,32.1,4,0.456,0.446,3,Drama|Family|Animation
USR-00500,23.75,61.6,6,0.795,0.477,7,Action|Animation|Thriller|Family|Documentary|Romance|Comedy
USR-00501,6.35,35.3,2,0.507,0.788,2,Drama|Comedy
USR-00502,25.28,50.8,9,0.721,0.4,3,Thriller|Drama|Romance
USR-00503,22.67,83.2,8,0.861,0.373,1,Romance
USR-00504,23.58,58.6,10,0.818,0.428,8,Drama|Family|Sci-Fi|Comedy|Action|Thriller|Animation|Romance
USR-00505,23.12,79.6,5,0.649,0.332,7,Documentary|Drama|Comedy|Animation|Family|Action|Thriller
USR-00506,2.82,45.6,1,0.35,0.58,3,Drama|Family|Comedy
USR-00507,13.19,15.6,4,0.627,0.66,3,Comedy|Drama|Family
USR-00508,2.04,30.3,2,0.395,0.705,3,Family|Drama|Comedy
USR-00509,33.92,66.3,6,0.682,0.416,8,Sci-Fi|Action|Animation|Comedy|Romance|Family|Documentary|Thriller
USR-00510,52.2,112.3,13,0.895,0.329,2,Sci-Fi|Thriller
USR-00511,40.61,92.1,8,0.775,0.388,2,Sci-Fi|Action
USR-00512,5.56,51.1,3,0.5,0.651,3,Family|Comedy|Drama
USR-00513,49.2,98.6,9,0.734,0.386,4,Thriller|Action|Sci-Fi
USR-00514,11.05,24.7,6,0.563,0.635,5,Comedy|Family|Animation|Drama
USR-00515,10.3,24.7,5,0.547,0.658,2,Family|Animation
USR-00516,39.32,94.2,9,0.901,0.307,3,Action|Sci-Fi|Thriller
USR-00517,8.26,30.8,5,0.504,0.477,5,Animation|Family|Comedy|Drama
USR-00518,1.48,40.8,3,0.694,0.736,2,Comedy|Family
USR-00519,50.66,102.8,12,0.764,0.398,4,Action|Thriller|Sci-Fi
USR-00520,3.05,28.3,2,0.397,0.676,3,Comedy|Drama|Family
USR-00521,20.7,74.3,7,0.721,0.253,1,Drama
USR-00522,9.14,15.8,3,0.667,0.569,5,Comedy|Animation|Family|Drama
USR-00523,43.24,93.3,11,0.758,0.412,2,Thriller|Action
USR-00524,24.48,54.0,9,0.608,0.35,5,Thriller|Romance|Drama|Sci-Fi|Animation
USR-00525,52.1,105.2,7,0.8,0.369,2,Sci-Fi|Action
USR-00526,11.12,23.8,4,0.526,0.582,4,Animation|Family|Drama|Comedy
USR-00527,25.47,88.7,8,0.861,0.371,2,Drama|Thriller
USR-00528,21.47,86.3,7,0.709,0.337,3,Thriller|Drama|Romance
USR-00529,4.94,52.2,2,0.636,0.858,2,Comedy|Family
USR-00530,12.92,25.9,4,0.657,0.359,3,Drama|Comedy|Family
USR-00531,5.72,41.5,1,0.379,0.864,3,Family|Comedy|Drama
USR-00532,3.17,25.3,3,0.426,0.689,2,Family|Drama
USR-00533,7.99,35.8,6,0.793,0.429,2,Animation|Drama
USR-00534,22.41,76.8,8,0.596,0.415,7,Family|Animation|Sci-Fi|Drama|Action|Thriller|Documentary
USR-00535,53.44,95.6,14,0.8,0.305,3,Sci-Fi|Action|Thriller
USR-00536,9.47,26.3,6,0.795,0.428,4,Animation|Drama|Family|Comedy
USR-00537,34.35,47.9,7,0.646,0.265,7,Animation|Drama|Comedy|Sci-Fi|Documentary|Romance|Action
USR-00538,50.18,87.2,10,0.802,0.449,2,Thriller|Action
USR-00539,47.87,111.4,14,0.858,0.309,4,Action|Thriller|Sci-Fi
USR-00540,8.43,35.8,3,0.415,0.728,1,Drama
USR-00541,20.92,80.6,9,0.876,0.531,1,Drama
USR-00542,38.53,67.1,9,0.519,0.402,8,Romance|Action|Comedy|Drama|Thriller|Animation|Family|Documentary
USR-00543,9.25,54.2,1,0.42,0.611,2,Drama|Family
USR-00544,32.87,75.0,7,0.662,0.318,1,Romance
USR-00545,47.43,98.1,13,0.789,0.436,2,Action|Sci-Fi
USR-00546,16.65,27.1,4,0.547,0.58,5,Drama|Comedy|Family|Animation
USR-00547,5.82,15.1,4,0.656,0.509,3,Drama|Comedy|Family
USR-00548,37.51,90.8,14,0.882,0.397,3,Thriller|Action|Sci-Fi
USR-00549,3.99,45.1,1,0.55,0.843,3,Drama|Comedy|Family
USR-00550,7.5,15.1,2,0.626,0.535,3,Family|Animation|Drama
USR-00551,33.48,42.4,5,0.508,0.409,8,Comedy|Sci-Fi|Thriller|Animation|Family|Documentary|Action|Romance
USR-00552,43.86,87.2,14,0.911,0.359,4,Sci-Fi|Thriller|Action
USR-00553,44.18,78.5,8,0.706,0.26,3,Sci-Fi|Thriller|Action
USR-00554,25.67,62.3,4,0.939,0.523,1,Romance
USR-00555,43.97,88.8,11,0.782,0.275,2,Sci-Fi|Action
USR-00556,6.28,17.6,4,0.618,0.505,5,Family|Drama|Comedy|Animation
USR-00557,15.4,37.9,3,0.592,0.492,5,Animation|Family|Comedy|Drama
USR-00558,28.75,65.4,5,0.549,0.338,5,Documentary|Sci-Fi|Thriller|Romance|Family
USR-00559,24.03,44.6,9,0.668,0.269,8,Action|Documentary|Comedy|Family|Romance|Drama|Sci-Fi|Animation
USR-00560,33.02,66.3,6,0.554,0.516,8,Documentary|Thriller|Comedy|Family|Romance|Drama|Action|Animation
USR-00561,51.5,113.0,10,0.912,0.365,3,Thriller|Action|Sci-Fi
USR-00562,14.51,38.9,3,0.795,0.482,3,Comedy|Family|Animation
USR-00563,5.99,30.7,3,0.543,0.666,2,Family|Comedy
USR-00564,33.36,74.3,10,0.847,0.322,7,Documentary|Action|Thriller|Family|Sci-Fi|Animation|Romance
USR-00565,32.64,84.9,5,0.603,0.305,8,Animation|Comedy|Family|Thriller|Action|Drama|Sci-Fi|Romance
USR-00566,9.26,34.2,3,0.335,0.772,1,Drama
USR-00567,1.37,25.1,3,0.359,0.761,1,Drama
USR-00568,43.76,87.2,11,0.908,0.299,4,
USR-00569,15.08,32.4,5,0.74,0.447,4,Family|Drama|Animation|Comedy
USR-00570,31.65,53.4,7,0.753,0.475,5,Action|Thriller|Sci-Fi|Drama|Family
USR-00571,13.46,37.6,5,0.775,0.558,3,Family|Animation|Comedy
USR-00572,6.8,22.7,3,0.66,0.86,1,Comedy
USR-00573,28.56,75.3,10,0.79,0.345,7,Thriller|Documentary|Animation|Romance|Family|Sci-Fi|Action
USR-00574,7.49,27.6,2,0.388,0.794,3,Comedy|Family|Drama
USR-00575,22.05,89.0,7,0.707,0.387,1,Drama
USR-00576,31.24,57.4,10,0.842,0.389,5,Comedy|Romance|Documentary|Animation|Drama
USR-00577,18.69,84.1,5,0.765,0.294,1,Drama
USR-00578,34.59,56.0,8,0.557,0.318,7,Documentary|Animation|Comedy|Thriller|Action|Drama|Sci-Fi
USR-00579,18.53,98.0,6,0.756,0.365,1,Thriller
USR-00580,15.21,15.2,4,0.776,0.576,5,Animation|Comedy|Family|Drama
USR-00581,27.15,59.9,8,0.73,0.378,6,Family|Romance|Action|Drama|Comedy|Thriller
USR-00582,22.58,76.5,5,0.759,0.538,8,Documentary|Drama|Comedy|Sci-Fi|Animation|Action|Family|Romance
USR-00583,38.49,116.6,12,0.849,0.286,2,Sci-Fi|Thriller
USR-00584,5.83,32.1,5,0.487,0.609,2,Family|Comedy
USR-00585,31.53,57.1,8,0.806,0.279,2,Thriller|Romance
USR-00586,38.89,49.3,10,0.545,0.313,7,Family|Comedy|Drama|Thriller|Documentary|Romance|Action
USR-00587,52.68,115.6,9,0.947,0.279,3,Action|Thriller|Sci-Fi
USR-00588,13.62,20.9,3,0.563,0.651,3,Drama|Family|Comedy
USR-00589,35.47,82.7,13,0.842,0.273,2,Thriller|Action
USR-00590,42.25,78.4,13,0.812,0.407,2,Sci-Fi|Thriller
USR-00591,27.13,73.4,8,0.683,0.544,1,Romance
USR-00592,7.51,18.6,2,0.65,0.505,3,Comedy|Animation|Drama
USR-00593,8.66,37.9,6,0.519,0.684,3,Family|Animation|Drama
USR-00594,30.38,55.6,10,0.794,0.476,6,Comedy|Drama|Family|Romance|Animation|Thriller
USR-00595,46.97,100.0,7,0.781,0.444,3,Action|Thriller|Sci-Fi
USR-00596,10.91,22.2,6,0.573,0.412,2,Drama|Comedy
USR-00597,3.72,31.7,3,0.568,0.602,1,Drama
USR-00598,27.28,44.6,6,0.826,0.324,5,Sci-Fi|Animation|Thriller|Romance|Drama
USR-00599,18.32,75.1,4,0.909,0.348,1,Drama
USR-00600,39.64,70.5,6,0.763,0.459,8,Sci-Fi|Romance|Animation|Thriller|Drama|Comedy|Documentary|Family
USR-00601,32.27,59.2,7,0.777,0.425,7,Thriller|Family|Drama|Sci-Fi|Animation|Comedy|Action
USR-00602,5.78,22.4,1,0.664,0.742,3,Comedy|Drama|Family
USR-00603,28.17,71.5,5,0.664,0.463,3,Drama|Romance|Thriller
USR-00604,6.64,27.9,1,0.634,0.762,2,Comedy|Family
USR-00605,23.3,82.1,6,0.834,0.253,3,Drama|Romance|Thriller
USR-00606,1.53,30.6,3,0.469,0.613,3,Drama|Comedy|Family
USR-00607,29.37,63.1,4,0.863,0.264,1,Romance
USR-00608,42.83,109.8,12,0.805,0.375,4,Action|Thriller|Sci-Fi
USR-00609,1.73,35.2,1,0.653,0.706,1,Drama
USR-00610,9.68,22.2,4,0.521,0.669,5,Comedy|Animation|Drama|Family
USR-00611,20.31,63.8,7,0.546,0.313,8,Comedy|Thriller|Sci-Fi|Romance|Drama|Family|Animation|Documentary
USR-00612,5.94,38.1,2,0.366,0.752,3,Drama|Family|Comedy
USR-00613,32.75,68.7,9,0.825,0.376,1,Thriller
USR-00614,19.19,59.8,4,0.881,0.518,1,Romance
USR-00615,6.37,28.4,4,0.712,0.452,5,Comedy|Animation|Drama|Family
USR-00616,1.48,48.8,1,0.325,0.816,1,Comedy
USR-00617,4.73,51.6,2,0.636,0.57,2,Comedy|Drama
USR-00618,12.16,39.6,6,0.486,0.419,4,Animation|Drama|Comedy|Family
USR-00619,37.01,108.2,9,0.719,0.428,2,Thriller|Sci-Fi
USR-00620,48.01,86.1,14,0.954,0.31,2,Action|Thriller
USR-00621,7.13,51.3,3,0.681,0.764,1,Drama
USR-00622,38.28,57.1,9,0.752,0.442,8,Sci-Fi|Animation|Thriller|Family|Drama|Romance|Documentary|Action
USR-00623,18.63,69.1,5,0.876,0.276,3,Romance|Thriller|Drama
USR-00624,29.86,50.8,5,0.528,0.523,5,Thriller|Documentary|Family|Animation|Comedy
USR-00625,28.48,67.6,6,0.874,0.49,1,Thriller
USR-00626,8.16,28.2,3,0.463,0.598,2,Family|Drama
USR-00627,1.79,54.8,3,0.698,0.713,1,Drama
USR-00628,39.87,106.9,13,0.928,0.412,4,Action|Thriller|Sci-Fi
USR-00629,33.81,46.0,6,,0.438,5,Drama|Animation|Sci-Fi|Family|Documentary
USR-00630,6.45,46.6,2,0.526,0.728,2,Comedy|Drama
USR-00631,32.12,53.1,6,0.804,0.272,3,Drama|Thriller|Romance
USR-00632,5.71,47.8,1,0.381,0.673,1,Family
USR-00633,48.92,112.3,10,0.902,0.285,3,Thriller|Sci-Fi|Action
USR-00634,8.23,28.1,5,0.727,0.585,5,Comedy|Drama|Family|Animation
USR-00635,36.93,113.7,11,0.844,0.345,2,Sci-Fi|Action
USR-00636,41.66,83.5,12,0.829,0.428,3,Thriller|Action|Sci-Fi
USR-00637,1.9,47.5,3,0.645,0.558,3,Drama|Family|Comedy
USR-00638,8.39,40.3,2,0.522,0.638,2,Family|Comedy
USR-00639,6.81,45.7,1,0.569,0.666,2,Comedy|Drama
USR-00640,20.18,59.8,7,0.737,0.286,2,Thriller|Drama
USR-00641,5.3,41.3,1,0.371,0.799,3,Comedy|Drama|Family
USR-00642,8.07,53.6,1,0.497,0.565,2,Comedy|Family
USR-00643,51.86,74.2,7,0.865,0.354,4,Sci-Fi|Action|Thriller
USR-00644,15.1,17.9,2,0.635,0.371,5,Animation|Family|Drama|Comedy
USR-00645,35.96,60.9,6,0.722,0.437,8,Romance|Animation|Thriller|Drama|Action|Documentary|Family|Sci-Fi
USR-00646,31.56,88.9,7,0.911,0.338,2,Thriller|Drama
USR-00647,49.94,85.1,9,0.747,0.414,3,Action|Sci-Fi|Thriller
USR-00648,20.92,84.7,8,0.608,0.325,5,Action|Family|Animation|Romance|Thriller
USR-00649,8.52,44.2,2,0.538,0.602,2,Drama|Comedy
USR-00650,40.28,72.9,11,0.803,0.38,4,Thriller|Sci-Fi|Action
USR-00651,10.95,16.1,4,0.674,0.541,3,Drama|Comedy|Animation
USR-00652,18.25,57.8,5,0.799,0.343,3,Romance|Thriller|Drama
USR-00653,3.58,41.7,3,0.62,0.685,2,Family|Drama
USR-00654,17.94,39.2,5,0.714,0.471,2,Comedy|Drama
USR-00655,26.51,77.0,7,0.898,0.351,2,Thriller|Romance
USR-00656,5.56,24.5,4,0.619,0.388,5,Comedy|Drama|Animation|Family
USR-00657,27.72,68.8,8,0.895,0.508,2,Drama|Thriller
USR-00658,6.55,29.2,4,0.505,0.371,2,Animation|Drama
USR-00659,37.08,75.2,5,0.766,0.461,8,Thriller|Documentary|Family|Romance|Sci-Fi|Drama|Action|Animation
USR-00660,17.73,37.3,6,0.497,0.657,2,Drama|Comedy
USR-00661,6.97,17.9,4,0.511,0.479,5,Animation|Drama|Family|Comedy
USR-00662,34.9,93.8,6,0.735,0.316,3,Thriller|Drama|Romance
USR-00663,35.11,109.0,13,0.848,0.328,4,Sci-Fi|Action|Thriller
USR-00664,40.32,95.1,12,0.853,0.42,3,Thriller|Sci-Fi|Action
USR-00665,5.5,18.4,5,0.733,0.66,4,Family|Drama|Comedy|Animation
USR-00666,4.61,31.6,3,0.495,0.629,3,Drama|Family|Comedy
USR-00667,9.27,21.8,2,0.373,0.834,1,Family
USR-00668,28.64,67.9,7,0.671,0.507,1,Drama
USR-00669,5.43,29.3,5,0.484,0.63,2,Family|Animation
USR-00670,9.53,33.2,3,0.473,0.391,2,Animation|Comedy
USR-00671,54.45,88.7,10,0.851,0.378,2,Action|Sci-Fi
USR-00672,23.96,78.0,8,0.792,0.379,8,Comedy|Romance|Family|Action|Drama|Thriller|Animation|Sci-Fi
USR-00673,34.18,70.6,4,0.766,0.29,3,Thriller|Drama|Romance
USR-00674,1.5,32.8,1,0.437,0.573,3,Drama|Family|Comedy
USR-00675,20.11,64.1,5,0.601,0.442,5,Animation|Comedy|Thriller|Documentary|Family
USR-00676,7.48,19.6,6,0.606,0.416,5,Drama|Comedy|Family|Animation
USR-00677,29.05,88.7,7,0.748,0.526,3,Romance|Drama|Thriller
USR-00678,27.17,52.7,9,0.648,0.279,7,Animation|Documentary|Sci-Fi|Action|Thriller|Romance|Comedy
USR-00679,46.41,114.6,13,0.869,0.342,3,Sci-Fi|Thriller|Action
USR-00680,17.75,25.6,4,0.6,0.499,3,Comedy|Drama|Family
USR-00681,42.43,91.5,9,0.71,0.356,3,Action|Sci-Fi|Thriller
USR-00682,14.46,33.0,2,0.542,0.568,5,Drama|Animation|Family|Comedy
USR-00683,44.72,72.2,8,0.816,0.408,3,
USR-00684,30.12,62.4,10,0.696,0.306,6,Sci-Fi|Animation|Comedy|Action|Drama|Family
USR-00685,20.65,73.7,7,0.71,0.324,6,Romance|Comedy|Action|Animation|Thriller|Drama
USR-00686,7.81,29.1,4,0.501,0.528,4,Animation|Drama|Family|Comedy
USR-00687,10.64,37.7,4,0.621,0.636,5,Drama|Animation|Family|Comedy
USR-00688,29.37,91.9,6,0.82,0.442,1,Drama
USR-00689,1.33,47.7,1,0.336,0.878,1,Comedy
USR-00690,32.33,57.0,10,0.792,0.311,6,Family|Thriller|Romance|Comedy|Documentary|Sci-Fi
USR-00691,11.27,21.1,2,0.498,0.369,5,Comedy|Drama|Family|Animation
USR-00692,19.27,90.1,6,0.658,0.388,1,Drama
USR-00693,12.72,15.6,3,0.462,0.605,4,Animation|Family|Drama|Comedy
USR-00694,15.01,21.7,2,0.586,0.38,5,Drama|Comedy|Animation|Family
USR-00695,23.69,94.5,9,0.866,0.529,3,Drama|Romance|Thriller
USR-00696,35.92,76.2,5,0.726,0.334,6,Documentary|Thriller|Family|Drama|Animation|Romance
USR-00697,1.8,44.3,2,0.44,0.798,3,Drama|Comedy|Family
USR-00698,39.04,46.9,5,0.677,0.409,7,Romance|Thriller|Sci-Fi|Family|Documentary|Animation|Comedy
USR-00699,6.38,26.5,1,0.639,0.753,1,Comedy
USR-00700,8.25,25.9,2,0.628,0.514,5,Family|Drama|Comedy|Animation
USR-00701,9.38,18.8,4,0.756,0.667,4,Drama|Comedy|Family|Animation
USR-00702,13.29,38.9,4,0.623,0.591,4,Drama|Animation|Comedy|Family
USR-00703,43.66,83.7,14,0.792,0.439,3,Thriller|Action|Sci-Fi
USR-00704,23.92,82.0,9,0.689,0.511,2,Romance|Thriller
USR-00705,7.67,28.8,4,0.696,0.658,3,Family|Drama|Comedy
USR-00706,25.69,49.2,7,0.807,0.337,6,Drama|Thriller|Documentary|Comedy|Family|Sci-Fi
USR-00707,8.9,29.7,1,0.351,0.892,2,Comedy|Family
USR-00708,6.63,31.2,1,0.54,0.816,1,Comedy
USR-00709,7.02,28.9,5,0.735,0.406,3,Family|Drama|Comedy
USR-00710,23.89,72.6,8,0.573,0.445,8,Comedy|Sci-Fi|Action|Romance|Thriller|Drama|Documentary|Family
USR-00711,21.45,93.9,6,0.857,0.352,2,Romance|Thriller
USR-00712,8.05,22.8,3,0.346,0.688,1,Family
USR-00713,2.23,34.4,2,0.477,0.588,2,Comedy|Drama
USR-00714,24.61,75.3,9,0.906,0.423,1,Thriller
USR-00715,9.2,49.3,2,0.625,0.629,1,Family
USR-00716,48.8,93.4,7,0.913,0.309,4,Thriller|Action|Sci-Fi
USR-00717,25.47,70.0,10,0.665,0.467,7,Animation|Romance|Comedy|Action|Family|Drama|Thriller
USR-00718,52.11,82.5,11,0.906,0.441,4,Sci-Fi|Action|Thriller
USR-00719,9.93,39.9,2,0.346,0.566,3,Drama|Family|Comedy
USR-00720,23.91,87.9,5,0.79,0.511,3,Drama|Romance|Thriller
USR-00721,25.09,69.7,10,0.507,0.547,6,Romance|Sci-Fi|Animation|Comedy|Drama|Thriller
USR-00722,10.75,26.8,2,0.655,0.67,3,Comedy|Animation|Drama
USR-00723,50.46,72.0,14,0.964,0.259,4,Action|Sci-Fi|Thriller
USR-00724,20.52,59.0,8,0.876,0.295,1,Romance
USR-00725,49.63,102.6,13,0.785,0.444,2,Thriller|Action
USR-00726,39.39,87.1,7,0.98,0.311,2,
USR-00727,6.09,21.9,4,0.697,0.368,5,Drama|Family|Animation|Comedy
USR-00728,46.74,95.3,14,0.95,0.299,4,Action|Thriller|Sci-Fi
USR-00729,25.18,78.1,10,0.696,0.466,5,Romance|Drama|Comedy|Family|Thriller
USR-00730,23.2,57.1,5,0.799,0.293,7,Romance|Documentary|Drama|Action|Thriller|Animation|Comedy
USR-00731,13.97,29.4,5,0.666,0.664,4,Comedy|Animation|Family|Drama
USR-00732,47.13,91.7,8,0.824,0.402,3,Sci-Fi|Thriller|Action
USR-00733,51.41,100.1,11,0.75,0.346,4,Sci-Fi|Action|Thriller
USR-00734,17.57,36.6,3,0.539,0.593,4,Comedy|Animation|Drama|Family
USR-00735,41.98,82.2,14,0.726,0.329,2,Thriller|Action
USR-00736,3.45,25.6,1,0.593,0.587,2,Family|Comedy
USR-00737,6.41,15.3,4,0.54,0.528,4,Animation|Comedy|Drama|Family
USR-00738,10.36,36.3,6,0.543,0.633,2,Family|Animation
USR-00739,10.56,15.3,2,0.768,0.575,4,Comedy|Family|Drama|Animation
USR-00740,5.79,37.0,5,0.653,0.627,3,Comedy|Animation|Family
USR-00741,50.88,89.3,12,0.929,0.291,2,Thriller|Sci-Fi
USR-00742,37.0,73.6,12,0.707,0.433,2,Action|Sci-Fi
USR-00743,34.82,83.5,7,0.806,0.363,2,Drama|Romance
USR-00744,50.76,91.2,14,0.793,0.427,2,Action|Sci-Fi
USR-00745,25.1,72.2,9,0.667,0.308,8,Comedy|Action|Sci-Fi|Thriller|Romance|Documentary|Animation|Family
USR-00746,37.83,41.6,7,0.66,0.448,5,Comedy|Documentary|Action|Family|Romance
USR-00747,17.25,37.1,3,0.616,0.508,4,Comedy|Animation|Drama|Family
USR-00748,10.93,22.0,5,0.493,0.603,3,Drama|Family|Animation
USR-00749,9.81,24.3,2,0.483,0.723,2,Family|Comedy
USR-00750,6.45,25.5,1,0.643,0.659,1,Family
USR-00751,13.15,36.0,5,0.709,0.644,4,Drama|Comedy|Animation|Family
USR-00752,10.44,18.2,3,0.598,0.486,3,Animation|Drama|Comedy
USR-00753,12.51,35.2,4,0.749,0.629,4,Animation|Drama|Comedy|Family
USR-00754,31.94,75.7,7,,0.359,6,Animation|Documentary|Romance|Action|Thriller|Family
USR-00755,5.1,44.2,2,0.307,0.645,1,Drama
USR-00756,16.83,26.0,6,0.73,0.66,2,Comedy|Animation
USR-00757,5.57,29.8,3,0.768,0.587,4,Animation|Family|Drama|Comedy
USR-00758,31.94,69.6,6,0.755,0.425,3,Romance|Drama|Thriller
USR-00759,42.7,89.7,11,0.853,0.321,3,Sci-Fi|Action|Thriller
USR-00760,32.34,42.7,7,0.729,0.401,5,Sci-Fi|Comedy|Romance|Documentary|Drama
USR-00761,3.94,45.0,2,0.553,0.744,2,Comedy|Drama
USR-00762,46.11,77.9,8,0.814,0.383,2,Sci-Fi|Action
USR-00763,52.7,108.6,13,0.966,0.335,3,Thriller|Action|Sci-Fi
USR-00764,40.72,86.9,7,0.841,0.288,2,Thriller|Sci-Fi
USR-00765,20.1,98.5,5,0.847,0.531,1,Romance
USR-00766,35.67,98.7,9,0.704,0.422,3,Sci-Fi|Thriller|Action
USR-00767,44.88,100.9,7,0.973,0.33,2,Action|Thriller
USR-00768,47.72,119.2,7,0.951,0.39,3,Thriller|Action|Sci-Fi
USR-00769,47.02,74.0,9,0.762,0.334,3,Thriller|Action|Sci-Fi
USR-00770,27.42,71.9,10,0.643,0.292,5,Family|Comedy|Documentary|Thriller|Romance
USR-00771,7.83,37.6,3,0.564,0.535,2,Animation|Comedy
USR-00772,20.87,69.2,8,0.697,0.454,6,Animation|Comedy|Action|Documentary|Sci-Fi|Thriller
USR-00773,26.56,70.5,10,0.522,0.446,5,Comedy|Sci-Fi|Romance|Action|Animation
USR-00774,3.38,41.3,2,0.551,0.768,2,Drama|Family
USR-00775,39.2,77.7,7,0.959,0.253,2,Thriller|Sci-Fi
USR-00776,24.12,76.4,9,0.859,0.345,1,Romance
USR-00777,36.34,73.5,9,0.846,0.361,8,Drama|Animation|Comedy|Family|Documentary|Sci-Fi|Romance|Action
USR-00778,40.61,99.7,12,0.91,0.408,3,Action|Sci-Fi|Thriller
USR-00779,2.52,29.1,2,0.665,0.658,1,Drama
USR-00780,22.11,86.2,9,0.859,0.443,2,Thriller|Drama
USR-00781,12.33,16.7,6,0.545,0.598,5,Comedy|Drama|Family|Animation
USR-00782,31.16,86.2,6,0.864,0.465,3,Drama|Thriller|Romance
USR-00783,22.38,68.4,10,0.751,0.393,6,Drama|Thriller|Action|Comedy|Family|Animation
USR-00784,31.53,57.8,9,0.698,0.411,5,Family|Thriller|Documentary|Animation|Drama
USR-00785,22.23,97.6,6,0.818,0.258,3,Thriller|Romance|Drama
USR-00786,14.17,39.2,5,0.788,0.446,3,Animation|Drama|Family
USR-00787,6.38,21.9,1,0.323,0.595,1,Family
USR-00788,16.79,28.0,3,0.729,0.643,5,Comedy|Animation|Drama|Family
USR-00789,7.69,51.6,3,0.539,0.735,1,Drama
USR-00790,29.09,76.5,5,0.5,0.408,5,Sci-Fi|Documentary|Romance|Action|Comedy
USR-00791,17.58,24.5,3,0.46,0.359,2,Animation|Drama
USR-00792,17.74,23.4,6,0.485,0.533,3,Family|Animation|Comedy
USR-00793,16.7,15.0,5,0.53,0.423,3,Comedy|Family|Animation
USR-00794,37.05,106.9,9,0.959,0.382,4,Sci-Fi|Action|Thriller
USR-00795,39.64,118.1,14,0.807,0.315,4,Sci-Fi|Action|Thriller
USR-00796,17.74,20.5,4,0.6,0.394,3,Comedy|Animation|Family
USR-00797,46.68,90.3,8,0.748,0.252,2,Sci-Fi|Action
USR-00798,42.54,110.5,14,0.965,0.335,4,Sci-Fi|Thriller|Action
USR-00799,2.95,30.6,2,0.619,0.712,2,Family|Comedy
USR-00800,2.04,53.5,3,0.624,0.844,2,Drama|Comedy
USR-00801,6.69,46.5,1,0.409,0.613,3,Drama|Family|Comedy
USR-00802,12.46,35.9,4,0.687,0.442,5,Family|Drama|Comedy|Animation
USR-00803,18.17,67.0,8,0.822,0.269,1,Thriller
USR-00804,20.9,68.9,6,0.699,0.351,6,Romance|Family|Drama|Sci-Fi|Action|Documentary
USR-00805,52.93,89.1,10,0.764,0.38,4,Sci-Fi|Action|Thriller
USR-00806,54.11,113.4,8,0.979,0.313,2,Thriller|Sci-Fi
USR-00807,3.74,35.8,3,0.566,0.596,3,Comedy|Drama|Family
USR-00808,37.72,81.6,12,0.899,0.281,3,Thriller|Action|Sci-Fi
USR-00809,21.9,78.3,9,0.753,0.352,6,Animation|Thriller|Documentary|Family|Drama|Comedy
USR-00810,27.84,90.4,4,0.907,0.536,3,Romance|Thriller|Drama
USR-00811,46.73,92.5,8,0.923,0.436,3,Action|Sci-Fi|Thriller
USR-00812,38.94,96.7,10,0.841,0.359,2,Sci-Fi|Action
USR-00813,24.09,50.3,7,0.685,0.542,3,Romance|Thriller|Drama
USR-00814,28.73,71.0,6,0.625,0.27,5,Documentary|Thriller|Animation|Comedy|Sci-Fi
USR-00815,45.53,83.5,12,0.838,0.409,3,Sci-Fi|Action|Thriller
USR-00816,33.03,85.2,8,0.762,0.353,3,Drama|Thriller|Romance
USR-00817,28.31,70.1,7,0.662,0.302,2,Drama|Romance
USR-00818,35.74,69.6,8,0.711,0.495,8,Sci-Fi|Romance|Family|Action|Drama|Documentary|Thriller|Comedy
USR-00819,22.71,69.7,9,0.509,0.346,5,Sci-Fi|Animation|Documentary|Family|Thriller
USR-00820,9.86,30.1,2,0.724,0.478,4,Comedy|Family|Drama|Animation
USR-00821,40.8,105.2,11,0.93,0.343,4,Thriller|Action|Sci-Fi
USR-00822,35.74,67.0,6,0.687,0.404,6,Animation|Sci-Fi|Family|Documentary|Thriller|Drama
USR-00823,14.25,16.3,5,0.739,0.541,5,Animation|Family|Comedy|Drama
USR-00824,3.88,42.0,2,0.443,0.851,3,Drama|Family|Comedy
USR-00825,3.15,44.8,1,0.457,0.78,3,Family|Drama|Comedy
USR-00826,49.37,74.3,12,0.737,0.436,2,Sci-Fi|Action
USR-00827,22.33,65.8,9,0.566,0.361,5,Thriller|Romance|Action|Animation|Sci-Fi
USR-00828,13.93,17.0,5,0.675,0.51,5,Animation|Comedy|Drama|Family
USR-00829,27.03,72.6,4,0.886,0.288,1,Drama
USR-00830,10.03,22.0,3,0.591,0.566,3,Comedy|Animation|Family
USR-00831,39.42,60.6,9,0.517,0.261,6,Documentary|Animation|Sci-Fi|Thriller|Family|Romance
USR-00832,25.54,59.2,7,0.574,0.516,6,Family|Documentary|Romance|Drama|Thriller|Animation
USR-00833,6.72,37.5,2,,0.657,4,Comedy|Family|Drama|Animation
USR-00834,4.06,36.7,2,0.352,0.563,1,Comedy
USR-00835,9.58,40.1,1,0.496,0.685,3,Comedy|Drama|Family
USR-00836,33.12,61.6,6,0.77,0.519,6,Drama|Thriller|Animation|Romance|Action|Comedy
USR-00837,9.33,30.4,1,0.514,0.838,3,Drama|Family|Comedy
USR-00838,19.35,97.9,6,0.755,0.357,2,Romance|Thriller
USR-00839,5.82,18.0,6,0.726,0.542,5,Drama|Family|Comedy|Animation
USR-00840,20.28,49.7,6,0.758,0.507,8,Romance|Drama|Thriller|Sci-Fi|Comedy|Family|Animation|Documentary
USR-00841,45.31,97.1,13,0.969,0.365,2,Thriller|Sci-Fi
USR-00842,7.88,45.8,1,0.338,0.758,2,Comedy|Drama
USR-00843,24.12,79.5,9,0.534,0.282,6,Sci-Fi|Documentary|Family|Action|Thriller|Comedy
USR-00844,7.1,30.0,6,0.775,0.641,4,Family|Animation|Comedy|Drama
USR-00845,43.68,74.5,7,0.8,0.295,3,Action|Thriller|Sci-Fi
USR-00846,30.14,57.7,8,0.665,0.446,3,Drama|Thriller|Romance
USR-00847,11.36,21.0,4,0.56,0.496,2,Animation|Drama
USR-00848,5.85,45.6,2,0.345,0.779,3,Drama|Comedy|Family
USR-00849,35.77,115.3,11,0.701,0.293,4,Action|Thriller|Sci-Fi
USR-00850,28.17,58.9,9,0.756,0.388,3,Drama|Thriller|Romance
USR-00851,44.6,83.7,9,0.954,0.351,3,Sci-Fi|Thriller|Action
USR-00852,50.38,84.7,7,0.774,0.254,4,Thriller|Sci-Fi|Action
USR-00853,34.1,100.0,5,0.682,0.52,3,Romance|Drama|Thriller
USR-00854,26.54,83.1,6,0.8,0.47,1,Romance
USR-00855,10.77,28.3,2,0.707,0.688,4,Drama|Family|Animation|Comedy
USR-00856,30.9,42.7,8,0.744,0.465,8,Comedy|Family|Romance|Action|Drama|Sci-Fi|Documentary|Thriller
USR-00857,2.5,26.6,1,0.612,0.82,1,Drama
USR-00858,20.93,55.5,6,0.676,0.367,3,Drama|Thriller|Romance
USR-00859,11.6,35.6,6,0.495,0.444,3,Family|Drama|Animation
USR-00860,39.52,64.8,10,0.686,0.266,6,Comedy|Action|Thriller|Family|Documentary|Romance
USR-00861,7.15,52.2,1,0.42,0.663,2,Comedy|Family
USR-00862,9.23,30.3,1,0.476,0.654,1,Drama
USR-00863,1.33,42.2,3,0.662,0.892,1,Comedy
USR-00864,39.0,43.4,6,0.503,0.544,6,Drama|Animation|Action|Comedy|Family|Sci-Fi
USR-00865,38.21,109.5,13,0.855,0.325,2,Action|Thriller
USR-00866,28.51,72.0,4,0.922,0.496,2,Thriller|Drama
USR-00867,33.1,65.0,7,0.861,0.371,2,Romance|Drama
USR-00868,9.86,37.9,2,0.659,0.895,2,Drama|Comedy
USR-00869,41.45,114.8,7,0.915,0.398,2,Sci-Fi|Thriller
USR-00870,10.24,35.2,3,0.69,0.604,3,Drama|Family|Animation
USR-00871,1.96,24.8,3,,0.569,1,Drama
USR-00872,53.04,72.4,10,0.842,0.39,4,Action|Sci-Fi|Thriller
USR-00873,19.98,50.1,8,0.935,0.422,2,Romance|Drama
USR-00874,16.89,23.2,2,0.697,0.593,2,Animation|Comedy
USR-00875,4.47,31.1,3,0.628,0.628,3,Comedy|Family|Drama
USR-00876,21.64,88.1,5,0.883,0.293,3,Romance|Drama|Thriller
USR-00877,17.89,31.4,5,0.501,0.508,5,Comedy|Drama|Family|Animation
USR-00878,11.65,39.8,3,0.777,0.491,2,Family|Animation
USR-00879,25.31,83.4,8,0.819,0.542,6,Documentary|Family|Sci-Fi|Drama|Romance|Animation
USR-00880,29.95,70.3,8,0.629,0.26,6,Animation|Action|Romance|Documentary|Comedy|Drama
USR-00881,15.79,17.8,3,0.652,0.406,2,Animation|Family
USR-00882,32.85,59.2,9,0.563,0.389,7,Sci-Fi|Animation|Thriller|Drama|Family|Action|Documentary
USR-00883,18.77,77.0,5,0.899,0.481,2,Romance|Drama
USR-00884,37.27,42.6,8,0.8,0.368,6,Documentary|Sci-Fi|Action|Thriller|Drama|Comedy
USR-00885,41.69,82.0,10,0.931,0.329,3,Sci-Fi|Action|Thriller
USR-00886,10.73,27.7,2,0.61,0.636,4,Family|Comedy|Animation|Drama
USR-00887,13.38,22.2,4,0.734,0.65,5,Comedy|Animation|Family|Drama
USR-00888,53.18,76.0,10,0.708,0.32,3,Action|Sci-Fi|Thriller
USR-00889,40.09,84.1,14,0.878,0.251,4,Sci-Fi|Action|Thriller
USR-00890,7.22,21.8,3,0.337,0.581,3,Family|Comedy|Drama
USR-00891,7.61,36.8,4,0.521,0.597,2,Comedy|Drama
USR-00892,26.58,61.1,5,0.94,0.458,2,Romance|Thriller
USR-00893,8.11,32.8,4,0.625,0.412,5,Animation|Family|Drama|Comedy
USR-00894,52.52,89.0,8,0.776,0.289,3,Action|Sci-Fi|Thriller
USR-00895,3.01,44.0,2,0.612,0.669,1,Drama
USR-00896,18.52,56.6,9,0.86,0.325,2,Romance|Thriller
USR-00897,12.2,31.5,3,0.79,0.509,4,Animation|Drama|Comedy|Family
USR-00898,17.84,20.2,3,0.727,0.401,3,Comedy|Drama|Animation
USR-00899,48.72,74.5,10,0.869,0.318,4,Sci-Fi|Thriller|Action
USR-00900,34.83,54.7,10,0.594,0.271,8,Sci-Fi|Family|Romance|Action|Thriller|Documentary|Comedy|Animation
USR-00901,36.8,66.2,8,0.669,0.328,8,Action|Documentary|Drama|Thriller|Sci-Fi|Family|Animation|Romance
USR-00902,11.5,33.7,5,0.456,0.414,3,Animation|Drama|Family
USR-00903,35.87,83.1,7,0.723,0.358,4,Sci-Fi|Action|Thriller
USR-00904,39.41,82.7,9,0.596,0.259,5,Animation|Thriller|Romance|Family|Action
USR-00905,21.73,85.3,6,0.811,0.523,2,Drama|Thriller
USR-00906,4.45,43.0,1,0.534,0.576,3,Comedy|Drama|Family
USR-00907,32.47,82.5,7,0.732,0.536,6,Documentary|Animation|Drama|Thriller|Action|Romance
USR-00908,37.82,90.5,10,0.952,0.446,4,Sci-Fi|Action|Thriller
USR-00909,17.09,25.7,4,0.588,0.635,4,Animation|Drama|Comedy|Family
USR-00910,7.4,26.0,3,0.692,0.454,2,Comedy|Drama
USR-00911,2.54,41.8,1,0.422,0.625,3,Comedy|Drama|Family
USR-00912,20.85,68.1,7,0.856,0.404,2,Drama|Romance
USR-00913,33.86,70.7,9,0.921,0.447,1,Thriller
USR-00914,33.07,52.9,7,0.901,0.453,2,Romance|Drama
USR-00915,19.78,97.1,8,0.728,0.457,1,Thriller
USR-00916,20.73,90.7,8,0.803,0.505,3,Romance|Thriller|Drama
USR-00917,38.0,96.2,12,0.704,0.406,4,Action|Thriller|Sci-Fi
USR-00918,53.06,92.2,14,0.812,0.429,3,Action|Thriller|Sci-Fi
USR-00919,7.63,38.6,5,0.781,0.583,3,Animation|Comedy|Drama
USR-00920,21.88,78.9,8,0.619,0.291,5,Thriller|Comedy|Sci-Fi|Documentary|Animation
USR-00921,40.56,71.3,14,0.917,0.39,3,Thriller|Action|Sci-Fi
USR-00922,6.29,53.8,3,0.588,0.787,1,Comedy
USR-00923,20.05,50.8,8,0.748,0.349,8,Animation|Romance|Sci-Fi|Action|Comedy|Documentary|Drama|Thriller
USR-00924,34.59,83.3,7,0.707,0.427,7,Animation|Comedy|Thriller|Action|Family|Drama|Romance
USR-00925,36.67,111.9,11,0.815,0.418,2,Sci-Fi|Thriller
USR-00926,7.72,32.9,6,0.792,0.542,3,Animation|Family|Drama
USR-00927,53.18,105.2,13,0.865,0.365,4,Action|Thriller|Sci-Fi
USR-00928,32.99,82.3,4,0.813,0.477,1,Romance
USR-00929,23.13,45.7,10,0.645,0.288,6,Drama|Thriller|Comedy|Family|Animation|Action
USR-00930,5.4,20.3,3,0.691,0.896,1,Comedy
USR-00931,13.0,16.9,3,0.652,0.394,4,Drama|Animation|Family|Comedy
USR-00932,6.33,23.5,4,0.473,0.443,5,Animation|Family|Drama|Comedy
USR-00933,11.88,26.3,2,0.776,0.42,4,Animation|Family|Drama|Comedy
USR-00934,1.24,29.1,3,0.636,0.76,2,Drama|Comedy
USR-00935,3.34,53.1,1,0.351,0.878,3,Comedy|Family|Drama
USR-00936,10.16,33.1,3,0.653,0.599,3,Comedy|Animation|Family
USR-00937,25.13,84.9,6,0.833,0.382,3,Romance|Drama|Thriller
USR-00938,51.49,82.9,13,0.817,0.361,2,Action|Thriller
USR-00939,23.5,64.1,5,0.735,0.351,1,Thriller
USR-00940,46.67,82.8,11,0.758,0.415,4,Sci-Fi|Action|Thriller
USR-00941,12.46,37.1,4,0.668,0.691,3,Drama|Animation|Comedy
USR-00942,4.1,33.7,2,0.393,0.628,2,Drama|Comedy
USR-00943,48.76,118.8,12,0.757,0.329,4,Thriller|Action|Sci-Fi
USR-00944,12.02,16.9,4,0.763,0.569,2,Animation|Drama
USR-00945,10.09,21.4,6,0.628,0.362,5,Animation|Comedy|Drama|Family
USR-00946,10.37,30.6,4,0.684,0.648,5,Comedy|Animation|Drama|Family
USR-00947,5.67,41.9,3,0.479,0.621,1,
USR-00948,34.68,63.0,4,0.828,0.34,3,Drama|Thriller|Romance
USR-00949,28.84,98.0,6,0.779,0.542,3,Thriller|Drama|Romance
USR-00950,5.82,36.3,3,0.651,0.495,5,Animation|Comedy|Drama|Family
USR-00951,38.42,52.1,6,0.548,0.459,5,Romance|Drama|Sci-Fi|Animation|Action
USR-00952,17.01,30.2,6,0.489,0.674,5,Animation|Comedy|Family|Drama
USR-00953,5.77,38.9,2,0.578,0.68,5,Animation|Family|Drama|Comedy
USR-00954,42.83,72.6,11,0.739,0.396,3,Sci-Fi|Thriller|Action
USR-00955,21.41,88.3,7,0.878,0.42,1,Romance
USR-00956,19.42,91.4,6,0.932,0.45,2,Romance|Thriller
USR-00957,2.75,45.6,3,0.495,0.605,2,Family|Drama
USR-00958,25.34,56.7,9,0.648,0.474,8,Sci-Fi|Action|Comedy|Documentary|Drama|Animation|Thriller|Family
USR-00959,28.02,81.2,5,0.587,0.473,6,Drama|Animation|Family|Sci-Fi|Romance|Action
USR-00960,25.55,40.1,9,0.621,0.461,5,Sci-Fi|Thriller|Romance|Animation|Family
USR-00961,33.84,70.0,8,0.84,0.518,6,Action|Thriller|Documentary|Sci-Fi|Family|Comedy
USR-00962,16.31,22.6,6,0.6,0.363,2,Family|Animation
USR-00963,53.77,113.3,13,0.896,0.364,2,Thriller|Sci-Fi
USR-00964,38.84,102.0,10,0.722,0.367,2,Action|Sci-Fi
USR-00965,32.08,55.5,4,0.87,0.299,2,Romance|Drama
USR-00966,27.1,77.4,9,0.679,0.438,7,Drama|Action|Animation|Romance|Sci-Fi|Documentary|Family
USR-00967,26.93,89.8,4,0.685,0.519,3,Romance|Drama|Thriller
USR-00968,53.02,94.2,10,0.855,0.446,3,Sci-Fi|Thriller|Action
USR-00969,26.69,45.3,6,0.692,0.312,6,Sci-Fi|Documentary|Thriller|Drama|Family|Comedy
USR-00970,10.5,27.4,4,0.648,0.388,5,Drama|Comedy|Family|Animation
USR-00971,12.58,25.7,6,0.648,0.584,2,Family|Animation
USR-00972,49.03,73.0,7,0.853,0.401,3,Action|Thriller|Sci-Fi
USR-00973,45.08,78.5,12,0.934,0.436,3,Thriller|Sci-Fi|Action
USR-00974,30.11,94.0,8,0.856,0.4,3,Thriller|Drama|Romance
USR-00975,6.15,35.7,5,0.75,0.467,5,Drama|Family|Comedy|Animation
USR-00976,33.12,83.5,5,0.693,0.487,6,Sci-Fi|Drama|Romance|Family|Comedy|Thriller
USR-00977,32.91,74.3,10,0.774,0.376,6,Romance|Sci-Fi|Drama|Comedy|Thriller|Documentary
USR-00978,10.37,36.6,5,0.602,0.588,2,Family|Comedy
USR-00979,38.84,44.1,9,0.554,0.542,7,Romance|Comedy|Action|Family|Documentary|Animation|Thriller
USR-00980,48.11,102.9,9,0.883,0.351,4,Sci-Fi|Thriller|Action
USR-00981,26.88,68.0,5,0.891,0.375,2,Drama|Romance
USR-00982,3.09,47.8,1,0.48,0.648,3,Drama|Comedy|Family
USR-00983,8.44,39.3,1,0.609,0.843,2,Drama|Comedy
USR-00984,35.98,71.9,7,0.826,0.371,5,Sci-Fi|Animation|Family|Action|Romance
USR-00985,46.13,70.3,14,0.705,0.406,4,Sci-Fi|Action|Thriller
USR-00986,22.75,78.5,8,0.722,0.534,2,Drama|Romance
USR-00987,11.87,27.5,3,0.588,0.547,5,Family|Animation|Drama|Comedy
USR-00988,37.11,100.9,8,0.971,0.333,3,Sci-Fi|Thriller|Action
USR-00989,15.67,32.4,6,0.543,0.575,4,Family|Animation|Drama|Comedy
USR-00990,7.65,28.1,3,0.68,0.589,1,Family
USR-00991,23.65,40.3,6,0.61,0.542,8,Action|Documentary|Sci-Fi|Comedy|Thriller|Family|Animation|Romance
USR-00992,8.19,44.9,1,0.358,0.787,3,Drama|Family|Comedy
USR-00993,8.87,30.7,2,0.647,0.636,1,Comedy
USR-00994,9.78,37.5,4,0.609,0.593,2,Drama|Animation
USR-00995,34.04,90.1,7,0.935,0.407,2,Romance|Drama
USR-00996,13.08,18.9,3,0.654,0.477,3,Animation|Family|Comedy
USR-00997,27.24,46.3,6,0.67,0.441,6,Comedy|Documentary|Romance|Action|Animation|Drama
USR-00998,48.2,102.5,13,0.82,0.332,4,Thriller|Sci-Fi|Action
USR-00999,34.79,83.1,5,0.776,0.317,1,Thriller
USR-01000,8.38,19.1,3,0.705,0.575,2,Drama|Comedy
USR-00522,9.14,15.8,3,0.667,0.569,5,Comedy|Animation|Family|Drama
USR-00738,10.36,36.3,6,0.543,0.633,2,Family|Animation
USR-00741,50.88,89.3,12,0.929,0.291,2,Thriller|Sci-Fi
USR-00661,6.97,17.9,4,0.511,0.479,5,Animation|Drama|Family|Comedy
USR-00412,8.45,47.0,2,0.607,0.644,2,Drama|Comedy
